metric,value
eval_loss,0.6448088884353638
eval_precision,0.3859223300970874
eval_recall,0.2760416666666667
eval_f1,0.3218623481781377
epoch,20.0
