metric,value
eval_loss,0.06914395838975906
eval_precision,0.9407474931631723
eval_recall,0.8177496038034865
eval_f1,0.8749470114455277
epoch,60.0
